Lap,Position,Last Lap Position,Diff,Driver,Team,Tyre,Lap Time,Gap Ahead,Gap to Leader,Status
1,1,1,0,Eli Huertez,Pulang Kabayo Racing,Soft,1:49.040,-,-,Running
1,2,2,0,Berend Boer,Shell Motorsports,Soft,1:49.903,+0.113,+0.113,Running
1,3,3,0,Liesje Roser,Dacia Racing Team,Soft,1:50.175,+0.772,+0.885,Running
1,4,4,0,Franc Abel,Shell Motorsports,Medium,1:50.627,+0.202,+1.087,Running
1,5,5,0,Jamar Henry,Trike Motorsports,Soft,1:50.335,+0.152,+1.239,Running
1,6,6,0,Kanno Sora,LFL Engineering,Medium,1:50.079,+0.050,+1.289,Running
1,7,7,0,Mark Graham,Trike Motorsports,Soft,1:50.585,+1.005,+2.294,Running
1,8,8,0,Sydney Aspen,Villiuride Racing,Hard,1:50.503,+0.168,+2.463,Running
1,9,9,0,Ye Li,Racing Life,Medium,1:49.511,+0.280,+2.743,Running
1,10,10,0,Fidan Basak,Pulang Kabayo Racing,Medium,1:49.833,+0.050,+2.793,Running
1,11,11,0,Al Fabet,Villiuride Racing,Soft,1:51.112,+0.529,+3.322,Running
1,12,12,0,Ananda Chohan,Mercedes AMG Motorsport,Soft,1:50.131,+0.019,+3.341,Running
1,13,13,0,Damien Quibuyen,Mercedes AMG Motorsport,Soft,1:49.990,+0.109,+3.449,Running
1,14,14,0,Aleksa Kozlov,LFL Engineering,Medium,1:51.263,+0.523,+3.973,Running
1,15,15,0,Monica Niculescu,Dacia Racing Team,Soft,1:51.797,+0.284,+4.256,Running
1,16,16,0,Aida Haque,Icarus,Medium,1:51.133,+1.086,+5.342,Running
1,17,17,0,Clara Longo,Icarus,Soft,1:51.329,+0.446,+5.788,Running
1,18,18,0,Niamh Murphy,Racing Life,Medium,1:51.918,+0.089,+5.878,Running
2,1,2,1,Berend Boer,Shell Motorsports,Soft,1:48.688,-,-,Running
2,2,3,1,Liesje Roser,Dacia Racing Team,Soft,1:49.917,+2.001,+2.001,Running
2,3,1,-2,Eli Huertez,Pulang Kabayo Racing,Soft,1:51.371,+0.570,+2.571,Running
2,4,7,3,Mark Graham,Trike Motorsports,Soft,1:49.259,+0.182,+2.753,Running
2,5,4,-1,Franc Abel,Shell Motorsports,Medium,1:50.935,+0.468,+3.221,Running
2,6,5,-1,Jamar Henry,Trike Motorsports,Soft,1:50.917,+0.135,+3.355,Running
2,7,9,2,Ye Li,Racing Life,Medium,1:49.721,+0.308,+3.663,Running
2,8,13,5,Damien Quibuyen,Mercedes AMG Motorsport,Soft,1:49.956,+0.624,+4.287,Running
2,9,8,-1,Sydney Aspen,Villiuride Racing,Hard,1:50.643,+0.018,+4.305,Running
2,10,10,0,Fidan Basak,Pulang Kabayo Racing,Medium,1:50.345,+0.032,+4.337,Running
2,11,11,0,Al Fabet,Villiuride Racing,Soft,1:50.394,+0.217,+4.554,Running
2,12,6,-6,Kanno Sora,LFL Engineering,Medium,1:52.455,+0.389,+4.943,Running
2,13,12,-1,Ananda Chohan,Mercedes AMG Motorsport,Soft,1:50.606,+0.202,+5.146,Running
2,14,16,2,Aida Haque,Icarus,Medium,1:50.118,+1.513,+6.659,Running
2,15,17,2,Clara Longo,Icarus,Soft,1:49.886,+0.215,+6.874,Running
2,16,14,-2,Aleksa Kozlov,LFL Engineering,Medium,1:51.716,+0.013,+6.887,Running
2,17,15,-2,Monica Niculescu,Dacia Racing Team,Soft,1:51.561,+0.129,+7.016,Running
2,18,18,0,Niamh Murphy,Racing Life,Medium,1:51.209,+1.270,+8.286,Running
3,1,1,0,Berend Boer,Shell Motorsports,Soft,1:49.273,-,-,Running
3,2,3,1,Eli Huertez,Pulang Kabayo Racing,Soft,1:49.207,+2.308,+2.308,Running
3,3,2,-1,Liesje Roser,Dacia Racing Team,Soft,1:49.630,+0.050,+2.358,Running
3,4,5,1,Franc Abel,Shell Motorsports,Medium,1:50.552,+2.141,+4.499,Running
3,5,4,-1,Mark Graham,Trike Motorsports,Soft,1:51.042,+0.023,+4.522,Running
3,6,6,0,Jamar Henry,Trike Motorsports,Soft,1:50.490,+0.051,+4.572,Running
3,7,11,4,Al Fabet,Villiuride Racing,Soft,1:49.483,+0.191,+4.764,Running
3,8,9,1,Sydney Aspen,Villiuride Racing,Hard,1:50.259,+0.018,+4.782,Running
3,9,10,1,Fidan Basak,Pulang Kabayo Racing,Medium,1:49.768,+0.050,+4.832,Running
3,10,8,-2,Damien Quibuyen,Mercedes AMG Motorsport,Soft,1:50.738,+0.920,+5.752,Running
3,11,7,-4,Ye Li,Racing Life,Medium,1:51.741,+0.379,+6.131,Running
3,12,13,1,Ananda Chohan,Mercedes AMG Motorsport,Soft,1:51.017,+0.330,+6.462,Running
3,13,12,-1,Kanno Sora,LFL Engineering,Medium,1:50.841,+0.050,+6.512,Running
3,14,15,1,Clara Longo,Icarus,Soft,1:49.652,+0.328,+6.840,Running
3,15,14,-1,Aida Haque,Icarus,Medium,1:51.034,+1.433,+8.273,Running
3,16,16,0,Aleksa Kozlov,LFL Engineering,Medium,1:50.709,+0.050,+8.323,Running
3,17,17,0,Monica Niculescu,Dacia Racing Team,Soft,1:50.719,+0.048,+8.371,Running
3,18,18,0,Niamh Murphy,Racing Life,Medium,1:52.044,+2.686,+11.057,Running
4,1,1,0,Berend Boer,Shell Motorsports,Soft,1:50.725,-,-,Running
4,2,3,1,Liesje Roser,Dacia Racing Team,Soft,1:51.107,+2.608,+2.608,Running
4,3,6,3,Jamar Henry,Trike Motorsports,Soft,1:48.811,+0.050,+2.658,Running
4,4,2,-2,Eli Huertez,Pulang Kabayo Racing,Soft,1:51.299,+0.032,+2.690,Running
4,5,4,-1,Franc Abel,Shell Motorsports,Medium,1:49.830,+0.914,+3.603,Running
4,6,7,1,Al Fabet,Villiuride Racing,Soft,1:49.685,+0.120,+3.724,Running
4,7,5,-2,Mark Graham,Trike Motorsports,Soft,1:50.388,+0.461,+4.184,Running
4,8,8,0,Sydney Aspen,Villiuride Racing,Hard,1:50.607,+0.479,+4.664,Running
4,9,9,0,Fidan Basak,Pulang Kabayo Racing,Medium,1:50.733,+0.176,+4.839,Running
4,10,10,0,Damien Quibuyen,Mercedes AMG Motorsport,Soft,1:49.845,+0.032,+4.871,Running
4,11,12,1,Ananda Chohan,Mercedes AMG Motorsport,Soft,1:50.823,+1.688,+6.560,Running
4,12,17,5,Monica Niculescu,Dacia Racing Team,Soft,1:49.522,+0.240,+6.799,Running
4,13,14,1,Clara Longo,Icarus,Soft,1:50.735,+0.050,+6.849,Running
4,14,13,-1,Kanno Sora,LFL Engineering,Medium,1:52.076,+1.013,+7.862,Running
4,15,11,-4,Ye Li,Racing Life,Medium,1:52.570,+0.114,+7.976,Running
4,16,15,-1,Aida Haque,Icarus,Medium,1:50.842,+0.414,+8.390,Running
4,17,16,-1,Aleksa Kozlov,LFL Engineering,Medium,1:51.471,+0.679,+9.069,Running
4,18,18,0,Niamh Murphy,Racing Life,Medium,1:52.321,+3.583,+12.652,Running
5,1,1,0,Berend Boer,Shell Motorsports,Soft,1:50.671,-,-,Running
5,2,4,2,Eli Huertez,Pulang Kabayo Racing,Soft,1:49.272,+1.291,+1.291,Running
5,3,3,0,Jamar Henry,Trike Motorsports,Soft,1:50.071,+0.768,+2.059,Running
5,4,2,-2,Liesje Roser,Dacia Racing Team,Soft,1:50.917,+0.796,+2.855,Running
5,5,6,1,Al Fabet,Villiuride Racing,Soft,1:49.848,+0.047,+2.901,Running
5,6,7,1,Mark Graham,Trike Motorsports,Soft,1:49.841,+0.280,+3.181,Running
5,7,5,-2,Franc Abel,Shell Motorsports,Medium,1:50.299,+0.050,+3.231,Running
5,8,9,1,Fidan Basak,Pulang Kabayo Racing,Medium,1:49.896,+0.834,+4.065,Running
5,9,10,1,Damien Quibuyen,Mercedes AMG Motorsport,Soft,1:50.993,+1.129,+5.193,Running
5,10,8,-2,Sydney Aspen,Villiuride Racing,Hard,1:51.536,+0.335,+5.528,Running
5,11,12,1,Monica Niculescu,Dacia Racing Team,Soft,1:50.920,+1.308,+6.836,Running
5,12,11,-1,Ananda Chohan,Mercedes AMG Motorsport,Soft,1:50.998,+0.050,+6.886,Running
5,13,13,0,Clara Longo,Icarus,Soft,1:51.317,+0.112,+6.998,Running
5,14,15,1,Ye Li,Racing Life,Medium,1:50.909,+0.748,+7.746,Running
5,15,14,-1,Kanno Sora,LFL Engineering,Medium,1:50.605,+0.050,+7.796,Running
5,16,17,1,Aleksa Kozlov,LFL Engineering,Medium,1:49.951,+0.552,+8.349,Running
5,17,16,-1,Aida Haque,Icarus,Medium,1:52.313,+1.683,+10.032,Running
5,18,18,0,Niamh Murphy,Racing Life,Medium,1:51.390,+3.340,+13.372,Running
6,1,1,0,Berend Boer,Shell Motorsports,Soft,1:50.406,-,-,Running
6,2,2,0,Eli Huertez,Pulang Kabayo Racing,Soft,1:50.118,+1.002,+1.002,Running
6,3,6,3,Mark Graham,Trike Motorsports,Soft,1:49.374,+1.147,+2.149,Running
6,4,4,0,Liesje Roser,Dacia Racing Team,Soft,1:49.717,+0.016,+2.165,Running
6,5,3,-2,Jamar Henry,Trike Motorsports,Soft,1:50.724,+0.211,+2.377,Running
6,6,8,2,Fidan Basak,Pulang Kabayo Racing,Medium,1:50.369,+1.399,+3.776,Running
6,7,7,0,Franc Abel,Shell Motorsports,Medium,1:51.001,+0.050,+3.826,Running
6,8,5,-3,Al Fabet,Villiuride Racing,Soft,1:51.639,+0.308,+4.134,Running
6,9,9,0,Damien Quibuyen,Mercedes AMG Motorsport,Soft,1:50.088,+0.741,+4.875,Running
6,10,10,0,Sydney Aspen,Villiuride Racing,Hard,1:51.514,+1.761,+6.636,Running
6,11,12,1,Ananda Chohan,Mercedes AMG Motorsport,Soft,1:50.432,+0.077,+6.713,Running
6,12,11,-1,Monica Niculescu,Dacia Racing Team,Soft,1:50.333,+0.050,+6.763,Running
6,13,13,0,Clara Longo,Icarus,Soft,1:51.455,+1.284,+8.047,Running
6,14,15,1,Kanno Sora,LFL Engineering,Medium,1:51.330,+0.000,+8.047,Running
6,15,14,-1,Ye Li,Racing Life,Medium,1:50.757,+0.050,+8.097,Running
6,16,17,1,Aida Haque,Icarus,Medium,1:50.784,+1.920,+10.017,Running
6,17,16,-1,Aleksa Kozlov,LFL Engineering,Medium,1:52.124,+0.050,+10.067,Running
6,18,18,0,Niamh Murphy,Racing Life,Medium,1:49.561,+2.459,+12.526,Running
7,1,2,1,Eli Huertez,Pulang Kabayo Racing,Soft,1:49.507,-,-,Running
7,2,1,-1,Berend Boer,Shell Motorsports,Soft,1:50.512,+0.002,+0.002,Running
7,3,5,2,Jamar Henry,Trike Motorsports,Soft,1:49.377,+1.242,+1.245,Running
7,4,3,-1,Mark Graham,Trike Motorsports,Soft,1:51.398,+0.559,+1.803,Running
7,5,4,-1,Liesje Roser,Dacia Racing Team,Soft,1:50.197,+0.050,+1.853,Running
7,6,7,1,Franc Abel,Shell Motorsports,Medium,1:50.282,+1.134,+2.988,Running
7,7,8,1,Al Fabet,Villiuride Racing,Soft,1:51.037,+0.561,+3.548,Running
7,8,6,-2,Fidan Basak,Pulang Kabayo Racing,Medium,1:51.564,+1.282,+4.830,Running
7,9,11,2,Ananda Chohan,Mercedes AMG Motorsport,Soft,1:49.147,+0.521,+5.351,Running
7,10,9,-1,Damien Quibuyen,Mercedes AMG Motorsport,Soft,1:51.230,+0.245,+5.596,Running
7,11,10,-1,Sydney Aspen,Villiuride Racing,Hard,1:51.102,+1.632,+7.228,Running
7,12,15,3,Ye Li,Racing Life,Medium,1:50.336,+0.068,+7.296,Running
7,13,12,-1,Monica Niculescu,Dacia Racing Team,Soft,1:51.092,+0.050,+7.346,Running
7,14,14,0,Kanno Sora,LFL Engineering,Medium,1:50.667,+0.859,+8.205,Running
7,15,13,-2,Clara Longo,Icarus,Soft,1:51.924,+1.257,+9.462,Running
7,16,17,1,Aleksa Kozlov,LFL Engineering,Medium,1:51.733,+1.828,+11.290,Running
7,17,16,-1,Aida Haque,Icarus,Medium,1:52.177,+0.394,+11.684,Running
7,18,18,0,Niamh Murphy,Racing Life,Medium,1:51.333,+1.666,+13.350,Running
8,1,1,0,Eli Huertez,Pulang Kabayo Racing,Soft,1:49.860,-,-,Running
8,2,2,0,Berend Boer,Shell Motorsports,Soft,1:50.356,+0.412,+0.412,Running
8,3,4,1,Mark Graham,Trike Motorsports,Soft,1:48.519,+0.050,+0.462,Running
8,4,5,1,Liesje Roser,Dacia Racing Team,Soft,1:49.359,+0.180,+0.642,Running
8,5,3,-2,Jamar Henry,Trike Motorsports,Soft,1:49.308,+0.050,+0.692,Running
8,6,7,1,Al Fabet,Villiuride Racing,Soft,1:51.233,+3.968,+4.660,Running
8,7,6,-1,Franc Abel,Shell Motorsports,Medium,1:51.583,+0.050,+4.710,Running
8,8,9,1,Ananda Chohan,Mercedes AMG Motorsport,Soft,1:49.691,+0.161,+4.871,Running
8,9,8,-1,Fidan Basak,Pulang Kabayo Racing,Medium,1:51.126,+0.261,+5.132,Running
8,10,13,3,Monica Niculescu,Dacia Racing Team,Soft,1:50.355,+2.709,+7.840,Running
8,11,11,0,Sydney Aspen,Villiuride Racing,Hard,1:51.469,+0.830,+8.670,Running
8,12,12,0,Ye Li,Racing Life,Medium,1:51.285,+0.050,+8.720,Running
8,13,14,1,Kanno Sora,LFL Engineering,Medium,1:50.772,+0.396,+9.117,Running
8,14,15,1,Clara Longo,Icarus,Soft,1:49.917,+0.401,+9.518,Running
8,15,17,2,Aida Haque,Icarus,Medium,1:50.231,+2.537,+12.055,Running
8,16,16,0,Aleksa Kozlov,LFL Engineering,Medium,1:50.728,+0.103,+12.158,Running
8,17,18,1,Niamh Murphy,Racing Life,Medium,1:51.795,+3.126,+15.284,Running
8,18,10,-8,Damien Quibuyen,Mercedes AMG Motorsport,Hard,1:50.576,+13.027,+28.312,Running
9,1,2,1,Berend Boer,Shell Motorsports,Soft,1:50.358,-,-,Running
9,2,1,-1,Eli Huertez,Pulang Kabayo Racing,Soft,1:49.842,+0.050,+0.050,Running
9,3,5,2,Jamar Henry,Trike Motorsports,Soft,1:50.107,+0.878,+0.928,Running
9,4,3,-1,Mark Graham,Trike Motorsports,Soft,1:50.352,+0.094,+1.022,Running
9,5,4,-1,Liesje Roser,Dacia Racing Team,Soft,1:51.198,+1.025,+2.047,Running
9,6,7,1,Franc Abel,Shell Motorsports,Medium,1:49.757,+2.428,+4.475,Running
9,7,6,-1,Al Fabet,Villiuride Racing,Soft,1:49.657,+0.050,+4.525,Running
9,8,8,0,Ananda Chohan,Mercedes AMG Motorsport,Soft,1:50.856,+1.410,+5.934,Running
9,9,10,1,Monica Niculescu,Dacia Racing Team,Soft,1:49.074,+0.172,+6.107,Running
9,10,9,-1,Fidan Basak,Pulang Kabayo Racing,Medium,1:50.817,+0.050,+6.157,Running
9,11,12,1,Ye Li,Racing Life,Medium,1:50.047,+2.818,+8.975,Running
9,12,14,2,Clara Longo,Icarus,Soft,1:50.195,+0.946,+9.921,Running
9,13,11,-2,Sydney Aspen,Villiuride Racing,Hard,1:51.473,+0.430,+10.351,Running
9,14,13,-1,Kanno Sora,LFL Engineering,Medium,1:51.560,+0.533,+10.884,Running
9,15,16,1,Aleksa Kozlov,LFL Engineering,Medium,1:49.907,+1.388,+12.273,Running
9,16,15,-1,Aida Haque,Icarus,Medium,1:51.560,+1.550,+13.823,Running
9,17,17,0,Niamh Murphy,Racing Life,Medium,1:51.239,+2.908,+16.731,Running
9,18,18,0,Damien Quibuyen,Mercedes AMG Motorsport,Hard,1:50.111,+11.900,+28.631,Running
10,1,3,2,Jamar Henry,Trike Motorsports,Soft,1:49.706,-,-,Running
10,2,4,2,Mark Graham,Trike Motorsports,Soft,1:49.603,+0.050,+0.050,Running
10,3,1,-2,Berend Boer,Shell Motorsports,Soft,1:51.088,+0.463,+0.513,Running
10,4,2,-2,Eli Huertez,Pulang Kabayo Racing,Soft,1:51.762,+0.724,+1.237,Running
10,5,5,0,Liesje Roser,Dacia Racing Team,Soft,1:50.466,+0.701,+1.938,Running
10,6,8,2,Ananda Chohan,Mercedes AMG Motorsport,Soft,1:49.481,+2.819,+4.757,Running
10,7,6,-1,Franc Abel,Shell Motorsports,Medium,1:50.908,+0.050,+4.807,Running
10,8,7,-1,Al Fabet,Villiuride Racing,Soft,1:51.915,+1.057,+5.864,Running
10,9,10,1,Fidan Basak,Pulang Kabayo Racing,Medium,1:50.467,+0.184,+6.048,Running
10,10,9,-1,Monica Niculescu,Dacia Racing Team,Soft,1:51.321,+0.804,+6.852,Running
10,11,11,0,Ye Li,Racing Life,Medium,1:49.563,+1.111,+7.963,Running
10,12,13,1,Sydney Aspen,Villiuride Racing,Hard,1:50.387,+2.200,+10.163,Running
10,13,12,-1,Clara Longo,Icarus,Soft,1:51.069,+0.252,+10.415,Running
10,14,15,1,Aleksa Kozlov,LFL Engineering,Medium,1:50.174,+1.457,+11.872,Running
10,15,16,1,Aida Haque,Icarus,Medium,1:51.164,+2.539,+14.411,Running
10,16,17,1,Niamh Murphy,Racing Life,Medium,1:51.591,+3.335,+17.747,Running
10,17,18,1,Damien Quibuyen,Mercedes AMG Motorsport,Hard,1:50.706,+11.015,+28.762,Running
10,18,14,-4,Kanno Sora,LFL Engineering,Hard,1:51.562,+5.109,+33.871,Running
11,1,2,1,Mark Graham,Trike Motorsports,Soft,1:50.695,-,-,Running
11,2,1,-1,Jamar Henry,Trike Motorsports,Soft,1:49.801,+0.050,+0.050,Running
11,3,4,1,Eli Huertez,Pulang Kabayo Racing,Soft,1:49.699,+1.136,+1.186,Running
11,4,5,1,Liesje Roser,Dacia Racing Team,Soft,1:51.376,+2.378,+3.563,Running
11,5,8,3,Al Fabet,Villiuride Racing,Soft,1:49.057,+1.607,+5.170,Running
11,6,7,1,Franc Abel,Shell Motorsports,Medium,1:50.643,+0.528,+5.699,Running
11,7,6,-1,Ananda Chohan,Mercedes AMG Motorsport,Soft,1:50.734,+0.041,+5.740,Running
11,8,9,1,Fidan Basak,Pulang Kabayo Racing,Medium,1:49.974,+0.532,+6.272,Running
11,9,10,1,Monica Niculescu,Dacia Racing Team,Soft,1:51.514,+2.343,+8.615,Running
11,10,11,1,Ye Li,Racing Life,Medium,1:51.132,+0.729,+9.344,Running
11,11,12,1,Sydney Aspen,Villiuride Racing,Hard,1:51.540,+2.608,+11.953,Running
11,12,13,1,Clara Longo,Icarus,Soft,1:51.781,+0.493,+12.445,Running
11,13,14,1,Aleksa Kozlov,LFL Engineering,Medium,1:51.567,+1.243,+13.688,Running
11,14,15,1,Aida Haque,Icarus,Medium,1:50.242,+1.215,+14.903,Running
11,15,16,1,Niamh Murphy,Racing Life,Medium,1:51.096,+4.189,+19.092,Running
11,16,17,1,Damien Quibuyen,Mercedes AMG Motorsport,Hard,1:51.584,+11.503,+30.596,Running
11,17,18,1,Kanno Sora,LFL Engineering,Hard,1:50.038,+3.563,+34.158,Running
11,18,3,-15,Berend Boer,Shell Motorsports,Soft,1:51.088,+0.463,+0.513,Mechanical failure on lap 11
12,1,3,2,Eli Huertez,Pulang Kabayo Racing,Soft,1:49.352,-,-,Running
12,2,1,-1,Mark Graham,Trike Motorsports,Soft,1:50.283,+0.050,+0.050,Running
12,3,2,-1,Jamar Henry,Trike Motorsports,Soft,1:51.256,+0.205,+0.255,Running
12,4,4,0,Liesje Roser,Dacia Racing Team,Soft,1:49.539,+2.614,+2.869,Running
12,5,5,0,Al Fabet,Villiuride Racing,Soft,1:50.905,+2.973,+5.842,Running
12,6,7,1,Ananda Chohan,Mercedes AMG Motorsport,Soft,1:50.351,+0.016,+5.858,Running
12,7,8,1,Fidan Basak,Pulang Kabayo Racing,Medium,1:50.676,+0.364,+6.222,Running
12,8,6,-2,Franc Abel,Shell Motorsports,Medium,1:50.805,+0.050,+6.272,Running
12,9,9,0,Monica Niculescu,Dacia Racing Team,Soft,1:50.078,+2.189,+8.461,Running
12,10,10,0,Ye Li,Racing Life,Medium,1:50.415,+1.065,+9.526,Running
12,11,11,0,Sydney Aspen,Villiuride Racing,Hard,1:51.272,+3.466,+12.992,Running
12,12,12,0,Clara Longo,Icarus,Soft,1:51.508,+0.729,+13.721,Running
12,13,14,1,Aida Haque,Icarus,Medium,1:51.373,+2.322,+16.043,Running
12,14,15,1,Niamh Murphy,Racing Life,Medium,1:52.254,+5.071,+21.114,Running
12,15,16,1,Damien Quibuyen,Mercedes AMG Motorsport,Hard,1:51.591,+10.840,+31.954,Running
12,16,17,1,Kanno Sora,LFL Engineering,Hard,1:52.227,+4.199,+36.153,Running
12,17,13,-4,Aleksa Kozlov,LFL Engineering,Hard,1:52.407,+1.710,+37.863,Running
12,18,18,0,Berend Boer,Shell Motorsports,Soft,1:51.088,+0.463,+0.513,Mechanical failure on lap 11
13,1,1,0,Eli Huertez,Pulang Kabayo Racing,Soft,1:49.683,-,-,Running
13,2,3,1,Jamar Henry,Trike Motorsports,Soft,1:49.960,+0.531,+0.531,Running
13,3,2,-1,Mark Graham,Trike Motorsports,Soft,1:50.983,+0.818,+1.349,Running
13,4,4,0,Liesje Roser,Dacia Racing Team,Soft,1:50.320,+2.157,+3.506,Running
13,5,8,3,Franc Abel,Shell Motorsports,Medium,1:49.842,+2.831,+6.337,Running
13,6,6,0,Ananda Chohan,Mercedes AMG Motorsport,Soft,1:50.212,+0.050,+6.387,Running
13,7,5,-2,Al Fabet,Villiuride Racing,Soft,1:50.501,+0.273,+6.660,Running
13,8,7,-1,Fidan Basak,Pulang Kabayo Racing,Medium,1:51.357,+1.235,+7.895,Running
13,9,9,0,Monica Niculescu,Dacia Racing Team,Soft,1:50.266,+1.148,+9.043,Running
13,10,10,0,Ye Li,Racing Life,Medium,1:51.825,+2.625,+11.668,Running
13,11,11,0,Sydney Aspen,Villiuride Racing,Hard,1:51.103,+2.258,+13.926,Running
13,12,12,0,Clara Longo,Icarus,Soft,1:49.938,+0.050,+13.976,Running
13,13,13,0,Aida Haque,Icarus,Medium,1:52.756,+5.139,+19.115,Running
13,14,14,0,Niamh Murphy,Racing Life,Medium,1:51.708,+4.023,+23.138,Running
13,15,15,0,Damien Quibuyen,Mercedes AMG Motorsport,Hard,1:51.060,+10.192,+33.330,Running
13,16,16,0,Kanno Sora,LFL Engineering,Hard,1:52.471,+5.610,+38.940,Running
13,17,17,0,Aleksa Kozlov,LFL Engineering,Hard,1:51.891,+1.131,+40.070,Running
13,18,18,0,Berend Boer,Shell Motorsports,Soft,1:51.088,+0.463,+0.513,Mechanical failure on lap 11
14,1,1,0,Eli Huertez,Pulang Kabayo Racing,Soft,1:49.724,-,-,Running
14,2,3,1,Mark Graham,Trike Motorsports,Soft,1:50.849,+2.009,+2.009,Running
14,3,2,-1,Jamar Henry,Trike Motorsports,Soft,1:51.252,+0.050,+2.059,Running
14,4,7,3,Al Fabet,Villiuride Racing,Soft,1:49.857,+4.363,+6.422,Running
14,5,6,1,Ananda Chohan,Mercedes AMG Motorsport,Soft,1:49.809,+0.050,+6.472,Running
14,6,5,-1,Franc Abel,Shell Motorsports,Medium,1:50.968,+1.109,+7.582,Running
14,7,8,1,Fidan Basak,Pulang Kabayo Racing,Medium,1:51.443,+1.076,+8.657,Running
14,8,9,1,Monica Niculescu,Dacia Racing Team,Soft,1:49.388,+0.050,+8.707,Running
14,9,10,1,Ye Li,Racing Life,Medium,1:50.423,+3.660,+12.367,Running
14,10,11,1,Sydney Aspen,Villiuride Racing,Hard,1:50.585,+2.420,+14.787,Running
14,11,12,1,Clara Longo,Icarus,Soft,1:50.784,+0.249,+15.036,Running
14,12,13,1,Aida Haque,Icarus,Medium,1:51.493,+5.848,+20.885,Running
14,13,14,1,Niamh Murphy,Racing Life,Medium,1:51.348,+3.877,+24.762,Running
14,14,4,-10,Liesje Roser,Dacia Racing Team,Hard,1:50.996,+2.016,+26.778,Running
14,15,15,0,Damien Quibuyen,Mercedes AMG Motorsport,Hard,1:52.778,+9.606,+36.385,Running
14,16,17,1,Aleksa Kozlov,LFL Engineering,Hard,1:49.839,+3.292,+39.676,Running
14,17,16,-1,Kanno Sora,LFL Engineering,Hard,1:50.510,+0.050,+39.726,Running
14,18,18,0,Berend Boer,Shell Motorsports,Soft,1:51.088,+0.463,+0.513,Mechanical failure on lap 11
15,1,1,0,Eli Huertez,Pulang Kabayo Racing,Soft,1:51.794,-,-,Running
15,2,2,0,Mark Graham,Trike Motorsports,Soft,1:50.623,+0.838,+0.838,Running
15,3,3,0,Jamar Henry,Trike Motorsports,Soft,1:51.749,+1.176,+2.014,Running
15,4,6,2,Franc Abel,Shell Motorsports,Medium,1:50.448,+4.221,+6.235,Running
15,5,7,2,Fidan Basak,Pulang Kabayo Racing,Medium,1:51.246,+1.874,+8.109,Running
15,6,8,2,Monica Niculescu,Dacia Racing Team,Soft,1:51.520,+0.324,+8.433,Running
15,7,9,2,Ye Li,Racing Life,Medium,1:51.695,+3.835,+12.268,Running
15,8,10,2,Sydney Aspen,Villiuride Racing,Hard,1:51.889,+1.672,+13.940,Running
15,9,11,2,Clara Longo,Icarus,Soft,1:50.748,+0.050,+13.990,Running
15,10,12,2,Aida Haque,Icarus,Medium,1:52.026,+7.126,+21.116,Running
15,11,13,2,Niamh Murphy,Racing Life,Medium,1:50.844,+2.695,+23.812,Running
15,12,14,2,Liesje Roser,Dacia Racing Team,Hard,1:52.173,+3.178,+26.990,Running
15,13,5,-8,Ananda Chohan,Mercedes AMG Motorsport,Medium,1:50.362,+0.050,+27.040,Running
15,14,4,-10,Al Fabet,Villiuride Racing,Hard,1:51.844,+1.432,+28.472,Running
15,15,15,0,Damien Quibuyen,Mercedes AMG Motorsport,Hard,1:50.230,+6.348,+34.820,Running
15,16,16,0,Aleksa Kozlov,LFL Engineering,Hard,1:50.004,+3.065,+37.885,Running
15,17,17,0,Kanno Sora,LFL Engineering,Hard,1:50.147,+0.193,+38.079,Running
15,18,18,0,Berend Boer,Shell Motorsports,Soft,1:51.088,+0.463,+0.513,Mechanical failure on lap 11
16,1,2,1,Mark Graham,Trike Motorsports,Soft,1:50.754,-,-,Running
16,2,3,1,Jamar Henry,Trike Motorsports,Soft,1:51.196,+1.618,+1.618,Running
16,3,4,1,Franc Abel,Shell Motorsports,Medium,1:51.482,+4.508,+6.126,Running
16,4,5,1,Fidan Basak,Pulang Kabayo Racing,Medium,1:50.013,+0.404,+6.530,Running
16,5,6,1,Monica Niculescu,Dacia Racing Team,Soft,1:50.911,+1.222,+7.752,Running
16,6,7,1,Ye Li,Racing Life,Medium,1:50.748,+3.672,+11.424,Running
16,7,9,2,Clara Longo,Icarus,Soft,1:51.552,+2.526,+13.950,Running
16,8,10,2,Aida Haque,Icarus,Medium,1:50.601,+6.175,+20.125,Running
16,9,11,2,Niamh Murphy,Racing Life,Medium,1:51.363,+2.213,+22.339,Running
16,10,1,-9,Eli Huertez,Pulang Kabayo Racing,Medium,1:51.981,+0.050,+22.389,Running
16,11,12,1,Liesje Roser,Dacia Racing Team,Hard,1:52.072,+4.228,+26.616,Running
16,12,13,1,Ananda Chohan,Mercedes AMG Motorsport,Medium,1:51.218,+0.050,+26.666,Running
16,13,14,1,Al Fabet,Villiuride Racing,Hard,1:50.688,+0.902,+27.568,Running
16,14,15,1,Damien Quibuyen,Mercedes AMG Motorsport,Hard,1:50.122,+5.783,+33.351,Running
16,15,17,2,Kanno Sora,LFL Engineering,Hard,1:50.176,+3.312,+36.663,Running
16,16,16,0,Aleksa Kozlov,LFL Engineering,Hard,1:52.269,+1.900,+38.563,Running
16,17,8,-9,Sydney Aspen,Villiuride Racing,Hard,1:51.889,+1.672,+13.940,Mechanical failure on lap 16
16,18,18,0,Berend Boer,Shell Motorsports,Soft,1:51.088,+0.463,+0.513,Mechanical failure on lap 11
17,1,3,2,Franc Abel,Shell Motorsports,Medium,1:50.938,-,-,Running
17,2,4,2,Fidan Basak,Pulang Kabayo Racing,Medium,1:50.029,+0.050,+0.050,Running
17,3,6,3,Ye Li,Racing Life,Medium,1:51.469,+6.334,+6.384,Running
17,4,7,3,Clara Longo,Icarus,Soft,1:52.467,+3.524,+9.908,Running
17,5,1,-4,Mark Graham,Trike Motorsports,Medium,1:49.655,+4.548,+14.456,Running
17,6,8,2,Aida Haque,Icarus,Medium,1:50.890,+0.050,+14.506,Running
17,7,9,2,Niamh Murphy,Racing Life,Medium,1:51.155,+2.478,+16.984,Running
17,8,10,2,Eli Huertez,Pulang Kabayo Racing,Medium,1:51.313,+0.207,+17.192,Running
17,9,2,-7,Jamar Henry,Trike Motorsports,Medium,1:51.214,+1.131,+18.322,Running
17,10,11,1,Liesje Roser,Dacia Racing Team,Hard,1:49.752,+1.537,+19.859,Running
17,11,12,1,Ananda Chohan,Mercedes AMG Motorsport,Medium,1:51.406,+1.704,+21.563,Running
17,12,5,-7,Monica Niculescu,Dacia Racing Team,Medium,1:50.601,+1.759,+23.322,Running
17,13,13,0,Al Fabet,Villiuride Racing,Hard,1:52.313,+0.050,+23.372,Running
17,14,14,0,Damien Quibuyen,Mercedes AMG Motorsport,Hard,1:51.335,+4.804,+28.176,Running
17,15,15,0,Kanno Sora,LFL Engineering,Hard,1:51.719,+3.696,+31.872,Running
17,16,16,0,Aleksa Kozlov,LFL Engineering,Hard,1:51.630,+1.811,+33.684,Running
17,17,17,0,Sydney Aspen,Villiuride Racing,Hard,1:51.889,+1.672,+13.940,Mechanical failure on lap 16
17,18,18,0,Berend Boer,Shell Motorsports,Soft,1:51.088,+0.463,+0.513,Mechanical failure on lap 11
18,1,2,1,Fidan Basak,Pulang Kabayo Racing,Medium,1:50.992,-,-,Running
18,2,1,-1,Franc Abel,Shell Motorsports,Medium,1:52.118,+1.076,+1.076,Running
18,3,3,0,Ye Li,Racing Life,Medium,1:50.335,+4.600,+5.676,Running
18,4,6,2,Aida Haque,Icarus,Medium,1:51.872,+8.714,+14.390,Running
18,5,5,0,Mark Graham,Trike Motorsports,Medium,1:51.026,+0.050,+14.440,Running
18,6,7,1,Niamh Murphy,Racing Life,Medium,1:50.007,+0.846,+15.287,Running
18,7,8,1,Eli Huertez,Pulang Kabayo Racing,Medium,1:50.491,+0.613,+15.900,Running
18,8,9,1,Jamar Henry,Trike Motorsports,Medium,1:49.812,+0.691,+16.591,Running
18,9,11,2,Ananda Chohan,Mercedes AMG Motorsport,Medium,1:49.216,+2.858,+19.449,Running
18,10,10,0,Liesje Roser,Dacia Racing Team,Hard,1:50.681,+0.050,+19.499,Running
18,11,13,2,Al Fabet,Villiuride Racing,Hard,1:50.760,+3.592,+23.090,Running
18,12,12,0,Monica Niculescu,Dacia Racing Team,Medium,1:51.932,+1.122,+24.212,Running
18,13,14,1,Damien Quibuyen,Mercedes AMG Motorsport,Hard,1:51.701,+4.624,+28.835,Running
18,14,16,2,Aleksa Kozlov,LFL Engineering,Hard,1:50.081,+2.915,+31.751,Running
18,15,15,0,Kanno Sora,LFL Engineering,Hard,1:50.970,+0.050,+31.801,Running
18,16,4,-12,Clara Longo,Icarus,Medium,1:52.702,+1.767,+33.568,Running
18,17,17,0,Sydney Aspen,Villiuride Racing,Hard,1:51.889,+1.672,+13.940,Mechanical failure on lap 16
18,18,18,0,Berend Boer,Shell Motorsports,Soft,1:51.088,+0.463,+0.513,Mechanical failure on lap 11
19,1,1,0,Fidan Basak,Pulang Kabayo Racing,Medium,1:51.979,-,-,Running
19,2,2,0,Franc Abel,Shell Motorsports,Medium,1:50.671,+0.050,+0.050,Running
19,3,3,0,Ye Li,Racing Life,Medium,1:49.421,+3.349,+3.399,Running
19,4,5,1,Mark Graham,Trike Motorsports,Medium,1:50.348,+9.692,+13.091,Running
19,5,4,-1,Aida Haque,Icarus,Medium,1:51.216,+0.559,+13.650,Running
19,6,6,0,Niamh Murphy,Racing Life,Medium,1:50.111,+0.050,+13.700,Running
19,7,7,0,Eli Huertez,Pulang Kabayo Racing,Medium,1:50.170,+0.159,+13.859,Running
19,8,8,0,Jamar Henry,Trike Motorsports,Medium,1:49.695,+0.730,+14.588,Running
19,9,9,0,Ananda Chohan,Mercedes AMG Motorsport,Medium,1:49.417,+2.579,+17.168,Running
19,10,10,0,Liesje Roser,Dacia Racing Team,Hard,1:51.666,+2.299,+19.466,Running
19,11,11,0,Al Fabet,Villiuride Racing,Hard,1:49.569,+1.495,+20.962,Running
19,12,12,0,Monica Niculescu,Dacia Racing Team,Medium,1:51.352,+2.905,+23.866,Running
19,13,14,1,Aleksa Kozlov,LFL Engineering,Hard,1:50.731,+6.005,+29.872,Running
19,14,13,-1,Damien Quibuyen,Mercedes AMG Motorsport,Hard,1:52.784,+0.050,+29.922,Running
19,15,15,0,Kanno Sora,LFL Engineering,Hard,1:51.265,+1.447,+31.369,Running
19,16,16,0,Clara Longo,Icarus,Medium,1:52.325,+2.826,+34.195,Running
19,17,17,0,Sydney Aspen,Villiuride Racing,Hard,1:51.889,+1.672,+13.940,Mechanical failure on lap 16
19,18,18,0,Berend Boer,Shell Motorsports,Soft,1:51.088,+0.463,+0.513,Mechanical failure on lap 11
20,1,2,1,Franc Abel,Shell Motorsports,Medium,1:51.778,-,-,Running
20,2,1,-1,Fidan Basak,Pulang Kabayo Racing,Medium,1:52.020,+0.193,+0.193,Running
20,3,3,0,Ye Li,Racing Life,Medium,1:51.570,+2.948,+3.141,Running
20,4,7,3,Eli Huertez,Pulang Kabayo Racing,Medium,1:49.649,+8.539,+11.680,Running
20,5,4,-1,Mark Graham,Trike Motorsports,Medium,1:50.762,+0.345,+12.025,Running
20,6,6,0,Niamh Murphy,Racing Life,Medium,1:50.257,+0.104,+12.129,Running
20,7,5,-2,Aida Haque,Icarus,Medium,1:50.646,+0.339,+12.468,Running
20,8,8,0,Jamar Henry,Trike Motorsports,Medium,1:51.165,+1.458,+13.926,Running
20,9,9,0,Ananda Chohan,Mercedes AMG Motorsport,Medium,1:51.956,+3.371,+17.297,Running
20,10,10,0,Liesje Roser,Dacia Racing Team,Hard,1:50.584,+0.927,+18.223,Running
20,11,11,0,Al Fabet,Villiuride Racing,Hard,1:51.934,+2.845,+21.068,Running
20,12,12,0,Monica Niculescu,Dacia Racing Team,Medium,1:49.743,+0.714,+21.782,Running
20,13,13,0,Aleksa Kozlov,LFL Engineering,Hard,1:50.628,+6.564,+28.346,Running
20,14,14,0,Damien Quibuyen,Mercedes AMG Motorsport,Hard,1:50.302,+0.050,+28.396,Running
20,15,15,0,Kanno Sora,LFL Engineering,Hard,1:51.226,+2.371,+30.767,Running
20,16,16,0,Clara Longo,Icarus,Medium,1:49.966,+1.567,+32.334,Running
20,17,17,0,Sydney Aspen,Villiuride Racing,Hard,1:51.889,+1.672,+13.940,Mechanical failure on lap 16
20,18,18,0,Berend Boer,Shell Motorsports,Soft,1:51.088,+0.463,+0.513,Mechanical failure on lap 11
21,1,2,1,Fidan Basak,Pulang Kabayo Racing,Medium,1:51.206,-,-,Running
21,2,1,-1,Franc Abel,Shell Motorsports,Medium,1:51.781,+0.382,+0.382,Running
21,3,3,0,Ye Li,Racing Life,Medium,1:51.378,+2.738,+3.120,Running
21,4,6,2,Niamh Murphy,Racing Life,Medium,1:50.146,+7.606,+10.726,Running
21,5,4,-1,Eli Huertez,Pulang Kabayo Racing,Medium,1:50.495,+0.050,+10.776,Running
21,6,5,-1,Mark Graham,Trike Motorsports,Medium,1:50.832,+0.683,+11.459,Running
21,7,7,0,Aida Haque,Icarus,Medium,1:50.984,+0.595,+12.054,Running
21,8,8,0,Jamar Henry,Trike Motorsports,Medium,1:51.053,+1.526,+13.580,Running
21,9,10,1,Liesje Roser,Dacia Racing Team,Hard,1:50.631,+3.288,+16.868,Running
21,10,9,-1,Ananda Chohan,Mercedes AMG Motorsport,Medium,1:51.020,+0.050,+16.918,Running
21,11,11,0,Al Fabet,Villiuride Racing,Hard,1:50.524,+3.275,+20.193,Running
21,12,12,0,Monica Niculescu,Dacia Racing Team,Medium,1:50.044,+0.234,+20.427,Running
21,13,13,0,Aleksa Kozlov,LFL Engineering,Hard,1:49.898,+6.417,+26.845,Running
21,14,14,0,Damien Quibuyen,Mercedes AMG Motorsport,Hard,1:52.198,+2.350,+29.195,Running
21,15,15,0,Kanno Sora,LFL Engineering,Hard,1:50.423,+0.596,+29.791,Running
21,16,16,0,Clara Longo,Icarus,Medium,1:50.681,+1.825,+31.616,Running
21,17,17,0,Sydney Aspen,Villiuride Racing,Hard,1:51.889,+1.672,+13.940,Mechanical failure on lap 16
21,18,18,0,Berend Boer,Shell Motorsports,Soft,1:51.088,+0.463,+0.513,Mechanical failure on lap 11
22,1,2,1,Franc Abel,Shell Motorsports,Medium,1:49.819,-,-,Running
22,2,1,-1,Fidan Basak,Pulang Kabayo Racing,Medium,1:51.950,+1.749,+1.749,Running
22,3,3,0,Ye Li,Racing Life,Medium,1:51.695,+2.866,+4.614,Running
22,4,5,1,Eli Huertez,Pulang Kabayo Racing,Medium,1:50.123,+6.083,+10.697,Running
22,5,4,-1,Niamh Murphy,Racing Life,Medium,1:50.872,+0.700,+11.397,Running
22,6,6,0,Mark Graham,Trike Motorsports,Medium,1:50.353,+0.213,+11.611,Running
22,7,7,0,Aida Haque,Icarus,Medium,1:51.086,+1.328,+12.938,Running
22,8,8,0,Jamar Henry,Trike Motorsports,Medium,1:49.767,+0.208,+13.146,Running
22,9,9,0,Liesje Roser,Dacia Racing Team,Hard,1:51.322,+3.650,+16.795,Running
22,10,10,0,Ananda Chohan,Mercedes AMG Motorsport,Medium,1:50.129,+0.050,+16.845,Running
22,11,12,1,Monica Niculescu,Dacia Racing Team,Medium,1:50.804,+4.184,+21.030,Running
22,12,11,-1,Al Fabet,Villiuride Racing,Hard,1:51.841,+0.804,+21.833,Running
22,13,13,0,Aleksa Kozlov,LFL Engineering,Hard,1:51.285,+6.095,+27.929,Running
22,14,15,1,Kanno Sora,LFL Engineering,Hard,1:50.536,+2.197,+30.126,Running
22,15,14,-1,Damien Quibuyen,Mercedes AMG Motorsport,Hard,1:51.651,+0.518,+30.644,Running
22,16,16,0,Clara Longo,Icarus,Medium,1:50.590,+1.361,+32.005,Running
22,17,17,0,Sydney Aspen,Villiuride Racing,Hard,1:51.889,+1.672,+13.940,Mechanical failure on lap 16
22,18,18,0,Berend Boer,Shell Motorsports,Soft,1:51.088,+0.463,+0.513,Mechanical failure on lap 11
23,1,1,0,Franc Abel,Shell Motorsports,Medium,1:50.642,-,-,Running
23,2,3,1,Ye Li,Racing Life,Medium,1:50.739,+4.711,+4.711,Running
23,3,4,1,Eli Huertez,Pulang Kabayo Racing,Medium,1:48.938,+4.282,+8.993,Running
23,4,6,2,Mark Graham,Trike Motorsports,Medium,1:50.209,+2.185,+11.178,Running
23,5,7,2,Aida Haque,Icarus,Medium,1:50.749,+1.595,+12.773,Running
23,6,5,-1,Niamh Murphy,Racing Life,Medium,1:52.067,+0.050,+12.823,Running
23,7,8,1,Jamar Henry,Trike Motorsports,Medium,1:50.725,+0.406,+13.229,Running
23,8,10,2,Ananda Chohan,Mercedes AMG Motorsport,Medium,1:50.299,+3.273,+16.502,Running
23,9,9,0,Liesje Roser,Dacia Racing Team,Hard,1:51.887,+1.539,+18.041,Running
23,10,11,1,Monica Niculescu,Dacia Racing Team,Medium,1:52.495,+4.140,+22.181,Running
23,11,12,1,Al Fabet,Villiuride Racing,Hard,1:51.040,+0.050,+22.231,Running
23,12,2,-10,Fidan Basak,Pulang Kabayo Racing,Hard,1:49.844,+0.719,+22.950,Running
23,13,13,0,Aleksa Kozlov,LFL Engineering,Hard,1:51.954,+6.290,+29.241,Running
23,14,16,2,Clara Longo,Icarus,Medium,1:50.284,+2.241,+31.482,Running
23,15,15,0,Damien Quibuyen,Mercedes AMG Motorsport,Hard,1:51.530,+0.050,+31.532,Running
23,16,14,-2,Kanno Sora,LFL Engineering,Hard,1:52.209,+0.065,+31.597,Running
23,17,17,0,Sydney Aspen,Villiuride Racing,Hard,1:51.889,+1.672,+13.940,Mechanical failure on lap 16
23,18,18,0,Berend Boer,Shell Motorsports,Soft,1:51.088,+0.463,+0.513,Mechanical failure on lap 11
24,1,1,0,Franc Abel,Shell Motorsports,Medium,1:51.505,-,-,Running
24,2,3,1,Eli Huertez,Pulang Kabayo Racing,Medium,1:50.019,+7.508,+7.508,Running
24,3,4,1,Mark Graham,Trike Motorsports,Medium,1:51.013,+3.179,+10.686,Running
24,4,7,3,Jamar Henry,Trike Motorsports,Medium,1:50.783,+0.926,+11.612,Running
24,5,6,1,Niamh Murphy,Racing Life,Medium,1:50.344,+0.050,+11.662,Running
24,6,5,-1,Aida Haque,Icarus,Medium,1:51.403,+1.009,+12.671,Running
24,7,8,1,Ananda Chohan,Mercedes AMG Motorsport,Medium,1:51.641,+3.968,+16.639,Running
24,8,9,1,Liesje Roser,Dacia Racing Team,Hard,1:50.230,+0.127,+16.766,Running
24,9,10,1,Monica Niculescu,Dacia Racing Team,Medium,1:50.548,+4.459,+21.225,Running
24,10,11,1,Al Fabet,Villiuride Racing,Hard,1:50.549,+0.051,+21.276,Running
24,11,12,1,Fidan Basak,Pulang Kabayo Racing,Hard,1:50.757,+0.927,+22.202,Running
24,12,2,-10,Ye Li,Racing Life,Soft,1:50.742,+3.747,+25.949,Running
24,13,13,0,Aleksa Kozlov,LFL Engineering,Hard,1:51.060,+2.848,+28.796,Running
24,14,16,2,Kanno Sora,LFL Engineering,Hard,1:50.798,+2.093,+30.890,Running
24,15,14,-1,Clara Longo,Icarus,Medium,1:51.181,+0.269,+31.158,Running
24,16,15,-1,Damien Quibuyen,Mercedes AMG Motorsport,Hard,1:52.189,+1.058,+32.216,Running
24,17,17,0,Sydney Aspen,Villiuride Racing,Hard,1:51.889,+1.672,+13.940,Mechanical failure on lap 16
24,18,18,0,Berend Boer,Shell Motorsports,Soft,1:51.088,+0.463,+0.513,Mechanical failure on lap 11
25,1,1,0,Franc Abel,Shell Motorsports,Medium,1:50.628,-,-,Running
25,2,2,0,Eli Huertez,Pulang Kabayo Racing,Medium,1:50.238,+7.118,+7.118,Running
25,3,3,0,Mark Graham,Trike Motorsports,Medium,1:49.170,+2.111,+9.228,Running
25,4,4,0,Jamar Henry,Trike Motorsports,Medium,1:51.875,+3.631,+12.859,Running
25,5,6,1,Aida Haque,Icarus,Medium,1:52.941,+2.125,+14.984,Running
25,6,8,2,Liesje Roser,Dacia Racing Team,Hard,1:52.036,+2.296,+17.280,Running
25,7,7,0,Ananda Chohan,Mercedes AMG Motorsport,Medium,1:51.319,+0.050,+17.330,Running
25,8,11,3,Fidan Basak,Pulang Kabayo Racing,Hard,1:50.303,+4.474,+21.804,Running
25,9,9,0,Monica Niculescu,Dacia Racing Team,Medium,1:51.257,+0.050,+21.854,Running
25,10,10,0,Al Fabet,Villiuride Racing,Hard,1:51.674,+0.468,+22.322,Running
25,11,12,1,Ye Li,Racing Life,Soft,1:51.185,+4.184,+26.506,Running
25,12,13,1,Aleksa Kozlov,LFL Engineering,Hard,1:50.124,+1.786,+28.293,Running
25,13,15,2,Clara Longo,Icarus,Medium,1:49.932,+2.170,+30.463,Running
25,14,16,2,Damien Quibuyen,Mercedes AMG Motorsport,Hard,1:51.401,+2.527,+32.990,Running
25,15,5,-10,Niamh Murphy,Racing Life,Soft,1:53.278,+3.322,+36.312,Running
25,16,14,-2,Kanno Sora,LFL Engineering,Hard,1:50.453,+16.403,+52.715,Running
25,17,17,0,Sydney Aspen,Villiuride Racing,Hard,1:51.889,+1.672,+13.940,Mechanical failure on lap 16
25,18,18,0,Berend Boer,Shell Motorsports,Soft,1:51.088,+0.463,+0.513,Mechanical failure on lap 11
26,1,2,1,Eli Huertez,Pulang Kabayo Racing,Medium,1:50.361,-,-,Running
26,2,3,1,Mark Graham,Trike Motorsports,Medium,1:50.345,+2.094,+2.094,Running
26,3,4,1,Jamar Henry,Trike Motorsports,Medium,1:51.158,+4.444,+6.538,Running
26,4,7,3,Ananda Chohan,Mercedes AMG Motorsport,Medium,1:51.699,+5.012,+11.550,Running
26,5,6,1,Liesje Roser,Dacia Racing Team,Hard,1:52.031,+0.282,+11.833,Running
26,6,9,3,Monica Niculescu,Dacia Racing Team,Medium,1:50.233,+2.713,+14.545,Running
26,7,1,-6,Franc Abel,Shell Motorsports,Soft,1:50.074,+0.050,+14.595,Running
26,8,8,0,Fidan Basak,Pulang Kabayo Racing,Hard,1:50.507,+0.238,+14.833,Running
26,9,10,1,Al Fabet,Villiuride Racing,Hard,1:51.077,+1.088,+15.921,Running
26,10,11,1,Ye Li,Racing Life,Soft,1:49.394,+2.501,+18.422,Running
26,11,12,1,Aleksa Kozlov,LFL Engineering,Hard,1:49.947,+2.340,+20.761,Running
26,12,13,1,Clara Longo,Icarus,Medium,1:50.636,+2.859,+23.620,Running
26,13,14,1,Damien Quibuyen,Mercedes AMG Motorsport,Hard,1:50.949,+2.840,+26.460,Running
26,14,5,-9,Aida Haque,Icarus,Soft,1:51.813,+4.060,+30.520,Running
26,15,15,0,Niamh Murphy,Racing Life,Soft,1:51.736,+0.050,+30.570,Running
26,16,16,0,Kanno Sora,LFL Engineering,Hard,1:50.561,+15.228,+45.798,Running
26,17,17,0,Sydney Aspen,Villiuride Racing,Hard,1:51.889,+1.672,+13.940,Mechanical failure on lap 16
26,18,18,0,Berend Boer,Shell Motorsports,Soft,1:51.088,+0.463,+0.513,Mechanical failure on lap 11
27,1,1,0,Eli Huertez,Pulang Kabayo Racing,Medium,1:49.781,-,-,Running
27,2,2,0,Mark Graham,Trike Motorsports,Medium,1:51.295,+3.609,+3.609,Running
27,3,3,0,Jamar Henry,Trike Motorsports,Medium,1:49.540,+2.690,+6.298,Running
27,4,5,1,Liesje Roser,Dacia Racing Team,Hard,1:51.517,+7.063,+13.361,Running
27,5,4,-1,Ananda Chohan,Mercedes AMG Motorsport,Medium,1:51.642,+0.050,+13.411,Running
27,6,7,1,Franc Abel,Shell Motorsports,Soft,1:50.573,+1.976,+15.388,Running
27,7,8,1,Fidan Basak,Pulang Kabayo Racing,Hard,1:51.591,+0.749,+16.137,Running
27,8,6,-2,Monica Niculescu,Dacia Racing Team,Medium,1:51.422,+0.050,+16.187,Running
27,9,9,0,Al Fabet,Villiuride Racing,Hard,1:50.750,+0.703,+16.890,Running
27,10,10,0,Ye Li,Racing Life,Soft,1:50.663,+2.414,+19.304,Running
27,11,11,0,Aleksa Kozlov,LFL Engineering,Hard,1:51.728,+3.405,+22.709,Running
27,12,12,0,Clara Longo,Icarus,Medium,1:50.735,+1.866,+24.575,Running
27,13,13,0,Damien Quibuyen,Mercedes AMG Motorsport,Hard,1:51.924,+4.029,+28.603,Running
27,14,14,0,Aida Haque,Icarus,Soft,1:50.031,+2.166,+30.770,Running
27,15,15,0,Niamh Murphy,Racing Life,Soft,1:51.437,+1.456,+32.226,Running
27,16,16,0,Kanno Sora,LFL Engineering,Hard,1:50.825,+14.617,+46.842,Running
27,17,17,0,Sydney Aspen,Villiuride Racing,Hard,1:51.889,+1.672,+13.940,Mechanical failure on lap 16
27,18,18,0,Berend Boer,Shell Motorsports,Soft,1:51.088,+0.463,+0.513,Mechanical failure on lap 11
28,1,1,0,Eli Huertez,Pulang Kabayo Racing,Medium,1:51.269,-,-,Running
28,2,2,0,Mark Graham,Trike Motorsports,Medium,1:50.270,+2.610,+2.610,Running
28,3,3,0,Jamar Henry,Trike Motorsports,Medium,1:51.223,+3.642,+6.253,Running
28,4,5,1,Ananda Chohan,Mercedes AMG Motorsport,Medium,1:51.899,+7.789,+14.042,Running
28,5,4,-1,Liesje Roser,Dacia Racing Team,Hard,1:52.348,+0.399,+14.441,Running
28,6,6,0,Franc Abel,Shell Motorsports,Soft,1:50.693,+0.039,+14.480,Running
28,7,7,0,Fidan Basak,Pulang Kabayo Racing,Hard,1:49.662,+0.050,+14.530,Running
28,8,8,0,Monica Niculescu,Dacia Racing Team,Medium,1:50.430,+0.818,+15.348,Running
28,9,9,0,Al Fabet,Villiuride Racing,Hard,1:50.877,+1.150,+16.498,Running
28,10,10,0,Ye Li,Racing Life,Soft,1:50.510,+2.047,+18.545,Running
28,11,11,0,Aleksa Kozlov,LFL Engineering,Hard,1:51.625,+4.520,+23.065,Running
28,12,12,0,Clara Longo,Icarus,Medium,1:51.210,+1.452,+24.516,Running
28,13,13,0,Damien Quibuyen,Mercedes AMG Motorsport,Hard,1:50.604,+3.422,+27.939,Running
28,14,14,0,Aida Haque,Icarus,Soft,1:49.764,+1.327,+29.265,Running
28,15,15,0,Niamh Murphy,Racing Life,Soft,1:50.524,+2.216,+31.481,Running
28,16,16,0,Kanno Sora,LFL Engineering,Hard,1:51.159,+15.251,+46.733,Running
28,17,17,0,Sydney Aspen,Villiuride Racing,Hard,1:51.889,+1.672,+13.940,Mechanical failure on lap 16
28,18,18,0,Berend Boer,Shell Motorsports,Soft,1:51.088,+0.463,+0.513,Mechanical failure on lap 11
29,1,1,0,Eli Huertez,Pulang Kabayo Racing,Medium,1:51.716,-,-,Running
29,2,2,0,Mark Graham,Trike Motorsports,Medium,1:50.885,+1.779,+1.779,Running
29,3,3,0,Jamar Henry,Trike Motorsports,Medium,1:50.699,+3.456,+5.235,Running
29,4,6,2,Franc Abel,Shell Motorsports,Soft,1:49.122,+6.651,+11.886,Running
29,5,8,3,Monica Niculescu,Dacia Racing Team,Medium,1:49.765,+1.510,+13.396,Running
29,6,7,1,Fidan Basak,Pulang Kabayo Racing,Hard,1:51.212,+0.316,+13.713,Running
29,7,4,-3,Ananda Chohan,Mercedes AMG Motorsport,Medium,1:51.437,+0.050,+13.763,Running
29,8,5,-3,Liesje Roser,Dacia Racing Team,Hard,1:52.204,+1.166,+14.929,Running
29,9,9,0,Al Fabet,Villiuride Racing,Hard,1:51.111,+0.963,+15.892,Running
29,10,10,0,Ye Li,Racing Life,Soft,1:50.454,+1.391,+17.283,Running
29,11,11,0,Aleksa Kozlov,LFL Engineering,Hard,1:49.961,+4.027,+21.310,Running
29,12,12,0,Clara Longo,Icarus,Medium,1:51.173,+2.663,+23.973,Running
29,13,13,0,Damien Quibuyen,Mercedes AMG Motorsport,Hard,1:50.865,+3.115,+27.088,Running
29,14,14,0,Aida Haque,Icarus,Soft,1:50.841,+1.303,+28.390,Running
29,15,15,0,Niamh Murphy,Racing Life,Soft,1:51.053,+2.427,+30.818,Running
29,16,16,0,Kanno Sora,LFL Engineering,Hard,1:50.147,+14.345,+45.163,Running
29,17,17,0,Sydney Aspen,Villiuride Racing,Hard,1:51.889,+1.672,+13.940,Mechanical failure on lap 16
29,18,18,0,Berend Boer,Shell Motorsports,Soft,1:51.088,+0.463,+0.513,Mechanical failure on lap 11
30,1,1,0,Eli Huertez,Pulang Kabayo Racing,Medium,1:51.334,-,-,Running
30,2,2,0,Mark Graham,Trike Motorsports,Medium,1:50.929,+1.375,+1.375,Running
30,3,3,0,Jamar Henry,Trike Motorsports,Medium,1:51.273,+3.800,+5.175,Running
30,4,4,0,Franc Abel,Shell Motorsports,Soft,1:50.809,+6.186,+11.361,Running
30,5,6,1,Fidan Basak,Pulang Kabayo Racing,Hard,1:50.472,+1.489,+12.850,Running
30,6,5,-1,Monica Niculescu,Dacia Racing Team,Medium,1:52.035,+0.781,+13.631,Running
30,7,7,0,Ananda Chohan,Mercedes AMG Motorsport,Medium,1:51.252,+0.050,+13.681,Running
30,8,8,0,Liesje Roser,Dacia Racing Team,Hard,1:51.402,+0.367,+14.047,Running
30,9,9,0,Al Fabet,Villiuride Racing,Hard,1:51.413,+0.899,+14.947,Running
30,10,10,0,Ye Li,Racing Life,Soft,1:50.854,+0.975,+15.921,Running
30,11,11,0,Aleksa Kozlov,LFL Engineering,Hard,1:50.675,+4.730,+20.651,Running
30,12,12,0,Clara Longo,Icarus,Medium,1:50.104,+2.092,+22.743,Running
30,13,13,0,Damien Quibuyen,Mercedes AMG Motorsport,Hard,1:51.373,+4.384,+27.127,Running
30,14,14,0,Aida Haque,Icarus,Soft,1:50.333,+0.263,+27.390,Running
30,15,15,0,Niamh Murphy,Racing Life,Soft,1:50.420,+2.514,+29.904,Running
30,16,16,0,Kanno Sora,LFL Engineering,Hard,1:50.773,+14.699,+44.603,Running
30,17,17,0,Sydney Aspen,Villiuride Racing,Hard,1:51.889,+1.672,+13.940,Mechanical failure on lap 16
30,18,18,0,Berend Boer,Shell Motorsports,Soft,1:51.088,+0.463,+0.513,Mechanical failure on lap 11
31,1,1,0,Eli Huertez,Pulang Kabayo Racing,Medium,1:49.960,-,-,Running
31,2,2,0,Mark Graham,Trike Motorsports,Medium,1:52.110,+3.524,+3.524,Running
31,3,3,0,Jamar Henry,Trike Motorsports,Medium,1:51.770,+3.460,+6.984,Running
31,4,4,0,Franc Abel,Shell Motorsports,Soft,1:48.708,+3.124,+10.108,Running
31,5,5,0,Fidan Basak,Pulang Kabayo Racing,Hard,1:51.048,+3.419,+13.528,Running
31,6,8,2,Liesje Roser,Dacia Racing Team,Hard,1:49.491,+0.050,+13.578,Running
31,7,7,0,Ananda Chohan,Mercedes AMG Motorsport,Medium,1:50.468,+0.611,+14.188,Running
31,8,6,-2,Monica Niculescu,Dacia Racing Team,Medium,1:51.044,+0.526,+14.715,Running
31,9,9,0,Al Fabet,Villiuride Racing,Hard,1:52.341,+1.724,+16.438,Running
31,10,10,0,Ye Li,Racing Life,Soft,1:50.527,+0.050,+16.488,Running
31,11,11,0,Aleksa Kozlov,LFL Engineering,Hard,1:50.556,+4.758,+21.247,Running
31,12,12,0,Clara Longo,Icarus,Medium,1:51.135,+2.671,+23.918,Running
31,13,14,1,Aida Haque,Icarus,Soft,1:49.935,+3.446,+27.364,Running
31,14,13,-1,Damien Quibuyen,Mercedes AMG Motorsport,Hard,1:51.492,+1.295,+28.659,Running
31,15,15,0,Niamh Murphy,Racing Life,Soft,1:50.308,+1.593,+30.252,Running
31,16,16,0,Kanno Sora,LFL Engineering,Hard,1:50.958,+15.348,+45.600,Running
31,17,17,0,Sydney Aspen,Villiuride Racing,Hard,1:51.889,+1.672,+13.940,Mechanical failure on lap 16
31,18,18,0,Berend Boer,Shell Motorsports,Soft,1:51.088,+0.463,+0.513,Mechanical failure on lap 11
32,1,1,0,Eli Huertez,Pulang Kabayo Racing,Medium,1:50.772,-,-,Running
32,2,2,0,Mark Graham,Trike Motorsports,Medium,1:50.130,+2.882,+2.882,Running
32,3,3,0,Jamar Henry,Trike Motorsports,Medium,1:51.592,+4.922,+7.805,Running
32,4,4,0,Franc Abel,Shell Motorsports,Soft,1:50.727,+2.258,+10.063,Running
32,5,5,0,Fidan Basak,Pulang Kabayo Racing,Hard,1:50.539,+3.232,+13.295,Running
32,6,6,0,Liesje Roser,Dacia Racing Team,Hard,1:51.748,+0.732,+14.027,Running
32,7,8,1,Monica Niculescu,Dacia Racing Team,Medium,1:50.134,+0.050,+14.077,Running
32,8,7,-1,Ananda Chohan,Mercedes AMG Motorsport,Medium,1:51.158,+0.427,+14.504,Running
32,9,10,1,Ye Li,Racing Life,Soft,1:49.419,+0.631,+15.135,Running
32,10,9,-1,Al Fabet,Villiuride Racing,Hard,1:50.844,+1.375,+16.510,Running
32,11,11,0,Aleksa Kozlov,LFL Engineering,Hard,1:51.585,+5.550,+22.060,Running
32,12,13,1,Aida Haque,Icarus,Soft,1:49.494,+3.059,+25.119,Running
32,13,12,-1,Clara Longo,Icarus,Medium,1:52.023,+0.050,+25.169,Running
32,14,14,0,Damien Quibuyen,Mercedes AMG Motorsport,Hard,1:51.882,+4.601,+29.769,Running
32,15,15,0,Niamh Murphy,Racing Life,Soft,1:50.593,+0.303,+30.072,Running
32,16,16,0,Kanno Sora,LFL Engineering,Hard,1:51.981,+16.736,+46.809,Running
32,17,17,0,Sydney Aspen,Villiuride Racing,Hard,1:51.889,+1.672,+13.940,Mechanical failure on lap 16
32,18,18,0,Berend Boer,Shell Motorsports,Soft,1:51.088,+0.463,+0.513,Mechanical failure on lap 11
33,1,2,1,Mark Graham,Trike Motorsports,Medium,1:51.403,-,-,Running
33,2,3,1,Jamar Henry,Trike Motorsports,Medium,1:51.201,+4.720,+4.720,Running
33,3,4,1,Franc Abel,Shell Motorsports,Soft,1:51.223,+2.280,+7.001,Running
33,4,6,2,Liesje Roser,Dacia Racing Team,Hard,1:50.686,+3.426,+10.427,Running
33,5,8,3,Ananda Chohan,Mercedes AMG Motorsport,Medium,1:50.338,+0.129,+10.556,Running
33,6,7,1,Monica Niculescu,Dacia Racing Team,Medium,1:51.916,+0.504,+11.061,Running
33,7,5,-2,Fidan Basak,Pulang Kabayo Racing,Hard,1:52.101,+0.050,+11.111,Running
33,8,10,2,Al Fabet,Villiuride Racing,Hard,1:50.183,+1.017,+12.127,Running
33,9,9,0,Ye Li,Racing Life,Soft,1:51.328,+0.050,+12.177,Running
33,10,12,2,Aida Haque,Icarus,Soft,1:50.890,+9.546,+21.724,Running
33,11,13,2,Clara Longo,Icarus,Medium,1:51.540,+0.699,+22.423,Running
33,12,14,2,Damien Quibuyen,Mercedes AMG Motorsport,Hard,1:50.459,+3.520,+25.943,Running
33,13,15,2,Niamh Murphy,Racing Life,Soft,1:50.191,+0.034,+25.977,Running
33,14,11,-3,Aleksa Kozlov,LFL Engineering,Medium,1:51.269,+15.066,+41.043,Running
33,15,16,1,Kanno Sora,LFL Engineering,Hard,1:50.845,+2.325,+43.368,Running
33,16,1,-15,Eli Huertez,Pulang Kabayo Racing,Medium,1:50.772,-,-,Mechanical failure on lap 33
33,17,17,0,Sydney Aspen,Villiuride Racing,Hard,1:51.889,+1.672,+13.940,Mechanical failure on lap 16
33,18,18,0,Berend Boer,Shell Motorsports,Soft,1:51.088,+0.463,+0.513,Mechanical failure on lap 11
34,1,1,0,Mark Graham,Trike Motorsports,Medium,1:50.710,-,-,Running
34,2,2,0,Jamar Henry,Trike Motorsports,Medium,1:49.749,+3.759,+3.759,Running
34,3,3,0,Franc Abel,Shell Motorsports,Soft,1:50.463,+2.994,+6.754,Running
34,4,4,0,Liesje Roser,Dacia Racing Team,Hard,1:51.187,+4.150,+10.904,Running
34,5,9,4,Ye Li,Racing Life,Soft,1:49.655,+0.219,+11.123,Running
34,6,7,1,Fidan Basak,Pulang Kabayo Racing,Hard,1:50.732,+0.010,+11.133,Running
34,7,8,1,Al Fabet,Villiuride Racing,Hard,1:50.274,+0.558,+11.691,Running
34,8,6,-2,Monica Niculescu,Dacia Racing Team,Medium,1:51.944,+0.195,+11.886,Running
34,9,5,-4,Ananda Chohan,Mercedes AMG Motorsport,Medium,1:52.090,+0.050,+11.936,Running
34,10,11,1,Clara Longo,Icarus,Medium,1:51.233,+10.612,+22.548,Running
34,11,10,-1,Aida Haque,Icarus,Soft,1:51.585,+0.050,+22.598,Running
34,12,13,1,Niamh Murphy,Racing Life,Soft,1:50.116,+2.785,+25.383,Running
34,13,12,-1,Damien Quibuyen,Mercedes AMG Motorsport,Hard,1:51.688,+1.538,+26.921,Running
34,14,14,0,Aleksa Kozlov,LFL Engineering,Medium,1:51.069,+14.481,+41.402,Running
34,15,15,0,Kanno Sora,LFL Engineering,Hard,1:50.871,+2.128,+43.529,Running
34,16,16,0,Eli Huertez,Pulang Kabayo Racing,Medium,1:50.772,-,-,Mechanical failure on lap 33
34,17,17,0,Sydney Aspen,Villiuride Racing,Hard,1:51.889,+1.672,+13.940,Mechanical failure on lap 16
34,18,18,0,Berend Boer,Shell Motorsports,Soft,1:51.088,+0.463,+0.513,Mechanical failure on lap 11
35,1,1,0,Mark Graham,Trike Motorsports,Medium,1:52.363,-,-,Running
35,2,2,0,Jamar Henry,Trike Motorsports,Medium,1:49.690,+1.087,+1.087,Running
35,3,3,0,Franc Abel,Shell Motorsports,Soft,1:51.161,+4.465,+5.552,Running
35,4,5,1,Ye Li,Racing Life,Soft,1:50.813,+4.020,+9.573,Running
35,5,8,3,Monica Niculescu,Dacia Racing Team,Medium,1:50.190,+0.141,+9.713,Running
35,6,9,3,Ananda Chohan,Mercedes AMG Motorsport,Medium,1:50.573,+0.433,+10.146,Running
35,7,4,-3,Liesje Roser,Dacia Racing Team,Hard,1:51.622,+0.017,+10.164,Running
35,8,6,-2,Fidan Basak,Pulang Kabayo Racing,Hard,1:52.255,+0.862,+11.025,Running
35,9,7,-2,Al Fabet,Villiuride Racing,Hard,1:52.248,+0.551,+11.576,Running
35,10,11,1,Aida Haque,Icarus,Soft,1:50.084,+8.744,+20.320,Running
35,11,10,-1,Clara Longo,Icarus,Medium,1:52.145,+2.011,+22.331,Running
35,12,12,0,Niamh Murphy,Racing Life,Soft,1:49.601,+0.291,+22.622,Running
35,13,13,0,Damien Quibuyen,Mercedes AMG Motorsport,Hard,1:52.736,+4.673,+27.295,Running
35,14,14,0,Aleksa Kozlov,LFL Engineering,Medium,1:49.616,+11.361,+38.655,Running
35,15,15,0,Kanno Sora,LFL Engineering,Hard,1:50.580,+3.091,+41.747,Running
35,16,16,0,Eli Huertez,Pulang Kabayo Racing,Medium,1:50.772,-,-,Mechanical failure on lap 33
35,17,17,0,Sydney Aspen,Villiuride Racing,Hard,1:51.889,+1.672,+13.940,Mechanical failure on lap 16
35,18,18,0,Berend Boer,Shell Motorsports,Soft,1:51.088,+0.463,+0.513,Mechanical failure on lap 11
36,1,1,0,Mark Graham,Trike Motorsports,Medium,1:51.227,-,-,Running
36,2,2,0,Jamar Henry,Trike Motorsports,Medium,1:51.695,+1.556,+1.556,Running
36,3,3,0,Franc Abel,Shell Motorsports,Soft,1:51.845,+4.615,+6.171,Running
36,4,6,2,Ananda Chohan,Mercedes AMG Motorsport,Medium,1:50.304,+3.053,+9.224,Running
36,5,5,0,Monica Niculescu,Dacia Racing Team,Medium,1:51.088,+0.350,+9.574,Running
36,6,8,2,Fidan Basak,Pulang Kabayo Racing,Hard,1:50.491,+0.033,+9.607,Running
36,7,7,0,Liesje Roser,Dacia Racing Team,Hard,1:50.689,+0.019,+9.626,Running
36,8,4,-4,Ye Li,Racing Life,Soft,1:51.311,+0.031,+9.657,Running
36,9,9,0,Al Fabet,Villiuride Racing,Hard,1:52.142,+2.835,+12.492,Running
36,10,10,0,Aida Haque,Icarus,Soft,1:50.319,+6.920,+19.412,Running
36,11,12,1,Niamh Murphy,Racing Life,Soft,1:50.442,+2.425,+21.837,Running
36,12,11,-1,Clara Longo,Icarus,Medium,1:51.807,+1.075,+22.911,Running
36,13,13,0,Damien Quibuyen,Mercedes AMG Motorsport,Hard,1:51.526,+4.683,+27.594,Running
36,14,14,0,Aleksa Kozlov,LFL Engineering,Medium,1:50.510,+10.345,+37.939,Running
36,15,15,0,Kanno Sora,LFL Engineering,Hard,1:52.885,+5.466,+43.405,Running
36,16,16,0,Eli Huertez,Pulang Kabayo Racing,Medium,1:50.772,-,-,Mechanical failure on lap 33
36,17,17,0,Sydney Aspen,Villiuride Racing,Hard,1:51.889,+1.672,+13.940,Mechanical failure on lap 16
36,18,18,0,Berend Boer,Shell Motorsports,Soft,1:51.088,+0.463,+0.513,Mechanical failure on lap 11
37,1,1,0,Mark Graham,Trike Motorsports,Medium,1:51.086,-,-,Running
37,2,2,0,Jamar Henry,Trike Motorsports,Medium,1:51.038,+1.507,+1.507,Running
37,3,3,0,Franc Abel,Shell Motorsports,Soft,1:50.072,+3.650,+5.157,Running
37,4,7,3,Liesje Roser,Dacia Racing Team,Hard,1:50.894,+3.718,+8.875,Running
37,5,8,3,Ye Li,Racing Life,Soft,1:50.354,+0.050,+8.925,Running
37,6,5,-1,Monica Niculescu,Dacia Racing Team,Medium,1:51.000,+0.563,+9.488,Running
37,7,6,-1,Fidan Basak,Pulang Kabayo Racing,Hard,1:51.141,+0.174,+9.662,Running
37,8,9,1,Al Fabet,Villiuride Racing,Hard,1:49.821,+0.665,+10.327,Running
37,9,4,-5,Ananda Chohan,Mercedes AMG Motorsport,Medium,1:52.239,+0.050,+10.377,Running
37,10,10,0,Aida Haque,Icarus,Soft,1:50.083,+8.032,+18.408,Running
37,11,11,0,Niamh Murphy,Racing Life,Soft,1:50.055,+2.397,+20.806,Running
37,12,12,0,Clara Longo,Icarus,Medium,1:51.628,+2.647,+23.453,Running
37,13,14,1,Aleksa Kozlov,LFL Engineering,Medium,1:51.297,+14.696,+38.149,Running
37,14,15,1,Kanno Sora,LFL Engineering,Hard,1:51.317,+5.487,+43.636,Running
37,15,13,-2,Damien Quibuyen,Mercedes AMG Motorsport,Hard,1:51.526,+4.683,+27.594,Crashed on lap 37
37,16,16,0,Eli Huertez,Pulang Kabayo Racing,Medium,1:50.772,-,-,Mechanical failure on lap 33
37,17,17,0,Sydney Aspen,Villiuride Racing,Hard,1:51.889,+1.672,+13.940,Mechanical failure on lap 16
37,18,18,0,Berend Boer,Shell Motorsports,Soft,1:51.088,+0.463,+0.513,Mechanical failure on lap 11
38,1,2,1,Jamar Henry,Trike Motorsports,Medium,1:50.396,-,-,Running
38,2,1,-1,Mark Graham,Trike Motorsports,Medium,1:51.774,+0.050,+0.050,Running
38,3,3,0,Franc Abel,Shell Motorsports,Soft,1:51.006,+4.389,+4.439,Running
38,4,4,0,Liesje Roser,Dacia Racing Team,Hard,1:51.680,+3.388,+7.827,Running
38,5,6,1,Monica Niculescu,Dacia Racing Team,Medium,1:50.113,+0.050,+7.877,Running
38,6,8,2,Al Fabet,Villiuride Racing,Hard,1:50.677,+0.904,+8.781,Running
38,7,5,-2,Ye Li,Racing Life,Soft,1:52.175,+0.594,+9.375,Running
38,8,9,1,Ananda Chohan,Mercedes AMG Motorsport,Medium,1:51.220,+0.082,+9.458,Running
38,9,7,-2,Fidan Basak,Pulang Kabayo Racing,Hard,1:51.570,+0.050,+9.508,Running
38,10,10,0,Aida Haque,Icarus,Soft,1:51.104,+8.280,+17.788,Running
38,11,11,0,Niamh Murphy,Racing Life,Soft,1:50.510,+1.804,+19.592,Running
38,12,12,0,Clara Longo,Icarus,Medium,1:51.379,+3.516,+23.107,Running
38,13,13,0,Aleksa Kozlov,LFL Engineering,Medium,1:50.667,+13.984,+37.092,Running
38,14,14,0,Kanno Sora,LFL Engineering,Hard,1:50.815,+5.635,+42.727,Running
38,15,15,0,Damien Quibuyen,Mercedes AMG Motorsport,Hard,1:51.526,+4.683,+27.594,Crashed on lap 37
38,16,16,0,Eli Huertez,Pulang Kabayo Racing,Medium,1:50.772,-,-,Mechanical failure on lap 33
38,17,17,0,Sydney Aspen,Villiuride Racing,Hard,1:51.889,+1.672,+13.940,Mechanical failure on lap 16
38,18,18,0,Berend Boer,Shell Motorsports,Soft,1:51.088,+0.463,+0.513,Mechanical failure on lap 11
39,1,2,1,Mark Graham,Trike Motorsports,Medium,1:50.638,-,-,Running
39,2,1,-1,Jamar Henry,Trike Motorsports,Medium,1:51.994,+1.306,+1.306,Running
39,3,3,0,Franc Abel,Shell Motorsports,Soft,1:50.655,+3.100,+4.406,Running
39,4,7,3,Ye Li,Racing Life,Soft,1:49.645,+3.927,+8.332,Running
39,5,6,1,Al Fabet,Villiuride Racing,Hard,1:51.177,+0.937,+9.270,Running
39,6,4,-2,Liesje Roser,Dacia Racing Team,Hard,1:52.146,+0.016,+9.285,Running
39,7,5,-2,Monica Niculescu,Dacia Racing Team,Medium,1:52.870,+0.544,+9.829,Running
39,8,8,0,Ananda Chohan,Mercedes AMG Motorsport,Medium,1:51.109,+0.050,+9.879,Running
39,9,9,0,Fidan Basak,Pulang Kabayo Racing,Hard,1:52.261,+1.202,+11.081,Running
39,10,10,0,Aida Haque,Icarus,Soft,1:49.897,+5.916,+16.997,Running
39,11,11,0,Niamh Murphy,Racing Life,Soft,1:51.041,+2.948,+19.945,Running
39,12,12,0,Clara Longo,Icarus,Medium,1:50.131,+2.605,+22.550,Running
39,13,13,0,Aleksa Kozlov,LFL Engineering,Medium,1:50.530,+14.384,+36.934,Running
39,14,14,0,Kanno Sora,LFL Engineering,Hard,1:51.766,+6.871,+43.805,Running
39,15,15,0,Damien Quibuyen,Mercedes AMG Motorsport,Hard,1:51.526,+4.683,+27.594,Crashed on lap 37
39,16,16,0,Eli Huertez,Pulang Kabayo Racing,Medium,1:50.772,-,-,Mechanical failure on lap 33
39,17,17,0,Sydney Aspen,Villiuride Racing,Hard,1:51.889,+1.672,+13.940,Mechanical failure on lap 16
39,18,18,0,Berend Boer,Shell Motorsports,Soft,1:51.088,+0.463,+0.513,Mechanical failure on lap 11
40,1,1,0,Mark Graham,Trike Motorsports,Medium,1:50.011,-,-,Running
40,2,2,0,Jamar Henry,Trike Motorsports,Medium,1:50.065,+1.360,+1.360,Running
40,3,3,0,Franc Abel,Shell Motorsports,Soft,1:50.938,+3.972,+5.332,Running
40,4,5,1,Al Fabet,Villiuride Racing,Hard,1:50.330,+3.537,+8.870,Running
40,5,4,-1,Ye Li,Racing Life,Soft,1:50.599,+0.050,+8.920,Running
40,6,8,2,Ananda Chohan,Mercedes AMG Motorsport,Medium,1:51.273,+1.576,+10.496,Running
40,7,7,0,Monica Niculescu,Dacia Racing Team,Medium,1:50.728,+0.050,+10.546,Running
40,8,6,-2,Liesje Roser,Dacia Racing Team,Hard,1:52.007,+0.735,+11.281,Running
40,9,9,0,Fidan Basak,Pulang Kabayo Racing,Hard,1:51.208,+0.996,+12.277,Running
40,10,11,1,Niamh Murphy,Racing Life,Soft,1:50.474,+6.883,+19.160,Running
40,11,10,-1,Aida Haque,Icarus,Soft,1:52.224,+0.050,+19.210,Running
40,12,12,0,Clara Longo,Icarus,Medium,1:51.499,+4.828,+24.038,Running
40,13,13,0,Aleksa Kozlov,LFL Engineering,Medium,1:49.901,+12.786,+36.823,Running
40,14,14,0,Kanno Sora,LFL Engineering,Hard,1:51.800,+8.771,+45.594,Running
40,15,15,0,Damien Quibuyen,Mercedes AMG Motorsport,Hard,1:51.526,+4.683,+27.594,Crashed on lap 37
40,16,16,0,Eli Huertez,Pulang Kabayo Racing,Medium,1:50.772,-,-,Mechanical failure on lap 33
40,17,17,0,Sydney Aspen,Villiuride Racing,Hard,1:51.889,+1.672,+13.940,Mechanical failure on lap 16
40,18,18,0,Berend Boer,Shell Motorsports,Soft,1:51.088,+0.463,+0.513,Mechanical failure on lap 11
41,1,1,0,Mark Graham,Trike Motorsports,Medium,1:50.326,-,-,Running
41,2,2,0,Jamar Henry,Trike Motorsports,Medium,1:51.310,+2.345,+2.345,Running
41,3,3,0,Franc Abel,Shell Motorsports,Soft,1:50.275,+2.937,+5.282,Running
41,4,5,1,Ye Li,Racing Life,Soft,1:50.853,+3.917,+9.199,Running
41,5,4,-1,Al Fabet,Villiuride Racing,Hard,1:50.705,+0.050,+9.249,Running
41,6,6,0,Ananda Chohan,Mercedes AMG Motorsport,Medium,1:50.898,+1.819,+11.068,Running
41,7,8,1,Liesje Roser,Dacia Racing Team,Hard,1:51.641,+1.528,+12.596,Running
41,8,9,1,Fidan Basak,Pulang Kabayo Racing,Hard,1:50.813,+0.168,+12.765,Running
41,9,7,-2,Monica Niculescu,Dacia Racing Team,Medium,1:52.636,+0.091,+12.856,Running
41,10,10,0,Niamh Murphy,Racing Life,Soft,1:50.314,+5.955,+18.811,Running
41,11,11,0,Aida Haque,Icarus,Soft,1:49.977,+0.050,+18.861,Running
41,12,12,0,Clara Longo,Icarus,Medium,1:51.318,+6.170,+25.030,Running
41,13,13,0,Aleksa Kozlov,LFL Engineering,Medium,1:51.082,+12.550,+37.580,Running
41,14,14,0,Kanno Sora,LFL Engineering,Hard,1:50.874,+8.563,+46.143,Running
41,15,15,0,Damien Quibuyen,Mercedes AMG Motorsport,Hard,1:51.526,+4.683,+27.594,Crashed on lap 37
41,16,16,0,Eli Huertez,Pulang Kabayo Racing,Medium,1:50.772,-,-,Mechanical failure on lap 33
41,17,17,0,Sydney Aspen,Villiuride Racing,Hard,1:51.889,+1.672,+13.940,Mechanical failure on lap 16
41,18,18,0,Berend Boer,Shell Motorsports,Soft,1:51.088,+0.463,+0.513,Mechanical failure on lap 11
42,1,1,0,Mark Graham,Trike Motorsports,Medium,1:50.530,-,-,Running
42,2,2,0,Jamar Henry,Trike Motorsports,Medium,1:51.203,+3.018,+3.018,Running
42,3,3,0,Franc Abel,Shell Motorsports,Soft,1:49.848,+1.583,+4.600,Running
42,4,5,1,Al Fabet,Villiuride Racing,Hard,1:51.455,+5.574,+10.175,Running
42,5,4,-1,Ye Li,Racing Life,Soft,1:52.116,+0.610,+10.785,Running
42,6,6,0,Ananda Chohan,Mercedes AMG Motorsport,Medium,1:50.652,+0.405,+11.190,Running
42,7,9,2,Monica Niculescu,Dacia Racing Team,Medium,1:51.191,+2.326,+13.517,Running
42,8,8,0,Fidan Basak,Pulang Kabayo Racing,Hard,1:51.374,+0.092,+13.609,Running
42,9,7,-2,Liesje Roser,Dacia Racing Team,Hard,1:52.529,+0.986,+14.596,Running
42,10,10,0,Niamh Murphy,Racing Life,Soft,1:51.794,+4.606,+19.202,Running
42,11,11,0,Aida Haque,Icarus,Soft,1:50.921,+0.050,+19.252,Running
42,12,12,0,Clara Longo,Icarus,Medium,1:51.330,+6.579,+25.831,Running
42,13,13,0,Aleksa Kozlov,LFL Engineering,Medium,1:50.953,+12.172,+38.003,Running
42,14,14,0,Kanno Sora,LFL Engineering,Hard,1:50.695,+8.305,+46.308,Running
42,15,15,0,Damien Quibuyen,Mercedes AMG Motorsport,Hard,1:51.526,+4.683,+27.594,Crashed on lap 37
42,16,16,0,Eli Huertez,Pulang Kabayo Racing,Medium,1:50.772,-,-,Mechanical failure on lap 33
42,17,17,0,Sydney Aspen,Villiuride Racing,Hard,1:51.889,+1.672,+13.940,Mechanical failure on lap 16
42,18,18,0,Berend Boer,Shell Motorsports,Soft,1:51.088,+0.463,+0.513,Mechanical failure on lap 11
43,1,1,0,Mark Graham,Trike Motorsports,Medium,1:52.097,-,-,Running
43,2,2,0,Jamar Henry,Trike Motorsports,Medium,1:51.600,+2.131,+2.131,Running
43,3,3,0,Franc Abel,Shell Motorsports,Soft,1:49.678,+0.050,+2.181,Running
43,4,4,0,Al Fabet,Villiuride Racing,Hard,1:51.588,+7.054,+9.235,Running
43,5,5,0,Ye Li,Racing Life,Soft,1:50.598,+0.050,+9.285,Running
43,6,6,0,Ananda Chohan,Mercedes AMG Motorsport,Medium,1:52.665,+2.473,+11.758,Running
43,7,8,1,Fidan Basak,Pulang Kabayo Racing,Hard,1:50.933,+0.031,+11.789,Running
43,8,7,-1,Monica Niculescu,Dacia Racing Team,Medium,1:50.420,+0.050,+11.839,Running
43,9,9,0,Liesje Roser,Dacia Racing Team,Hard,1:52.498,+3.157,+14.996,Running
43,10,10,0,Niamh Murphy,Racing Life,Soft,1:51.496,+3.605,+18.601,Running
43,11,11,0,Aida Haque,Icarus,Soft,1:52.513,+1.067,+19.667,Running
43,12,12,0,Clara Longo,Icarus,Medium,1:51.198,+5.264,+24.932,Running
43,13,13,0,Aleksa Kozlov,LFL Engineering,Medium,1:52.432,+13.406,+38.337,Running
43,14,14,0,Kanno Sora,LFL Engineering,Hard,1:52.679,+8.552,+46.890,Running
43,15,15,0,Damien Quibuyen,Mercedes AMG Motorsport,Hard,1:51.526,+4.683,+27.594,Crashed on lap 37
43,16,16,0,Eli Huertez,Pulang Kabayo Racing,Medium,1:50.772,-,-,Mechanical failure on lap 33
43,17,17,0,Sydney Aspen,Villiuride Racing,Hard,1:51.889,+1.672,+13.940,Mechanical failure on lap 16
43,18,18,0,Berend Boer,Shell Motorsports,Soft,1:51.088,+0.463,+0.513,Mechanical failure on lap 11
44,1,1,0,Mark Graham,Trike Motorsports,Medium,1:51.264,-,-,Running
44,2,3,1,Franc Abel,Shell Motorsports,Soft,1:50.799,+1.716,+1.716,Running
44,3,2,-1,Jamar Henry,Trike Motorsports,Medium,1:52.534,+1.684,+3.401,Running
44,4,5,1,Ye Li,Racing Life,Soft,1:50.734,+5.355,+8.756,Running
44,5,4,-1,Al Fabet,Villiuride Racing,Hard,1:52.093,+1.309,+10.065,Running
44,6,6,0,Ananda Chohan,Mercedes AMG Motorsport,Medium,1:51.623,+2.052,+12.117,Running
44,7,7,0,Fidan Basak,Pulang Kabayo Racing,Hard,1:51.733,+0.142,+12.259,Running
44,8,8,0,Monica Niculescu,Dacia Racing Team,Medium,1:52.854,+1.171,+13.430,Running
44,9,9,0,Liesje Roser,Dacia Racing Team,Hard,1:51.411,+1.713,+15.143,Running
44,10,10,0,Niamh Murphy,Racing Life,Soft,1:51.758,+3.881,+19.024,Running
44,11,11,0,Aida Haque,Icarus,Soft,1:50.671,+0.050,+19.074,Running
44,12,12,0,Clara Longo,Icarus,Medium,1:53.096,+7.690,+26.764,Running
44,13,13,0,Aleksa Kozlov,LFL Engineering,Medium,1:51.967,+12.277,+39.041,Running
44,14,14,0,Kanno Sora,LFL Engineering,Hard,1:50.729,+7.314,+46.355,Running
44,15,15,0,Damien Quibuyen,Mercedes AMG Motorsport,Hard,1:51.526,+4.683,+27.594,Crashed on lap 37
44,16,16,0,Eli Huertez,Pulang Kabayo Racing,Medium,1:50.772,-,-,Mechanical failure on lap 33
44,17,17,0,Sydney Aspen,Villiuride Racing,Hard,1:51.889,+1.672,+13.940,Mechanical failure on lap 16
44,18,18,0,Berend Boer,Shell Motorsports,Soft,1:51.088,+0.463,+0.513,Mechanical failure on lap 11
